model,insert_node,move_node,read_node,read_tree
Ltree,0.001955,0.010375,0.008745,0.025522
Mptt,0.001006,0.855293,0.00104,0.115597
Raw,0.001002,0.001,0.001012,0.021957
