avg_time,type,operation
0.057250000000000016,ltree,read_tree
0.01666999999999999,ltree,read_node
0.00023000000000000006,ltree,add_node
0.017149999999999985,ltree,move_node
0.251915,mptt,read_tree
0.020526315789473684,mptt,read_node
0.3943233333333346,mptt,add_node
2.08951,mptt,move_node
1.055879999999995,raw,read_tree
0.0010100000000000007,raw,read_node
0.0009700000000000007,raw,add_node
0.00044000000000000034,raw,move_node
